source,author,title,description,url,urlToImage,publishedAt,content
"{'id': None, 'name': 'Gizmodo.com'}",Matthew Gault,Musk and Trump’s Fort Knox Trip Is About Bitcoin,"More than a stunt, the Fort Knox visit might be a chance for the President to change the price of gold and dump the price hike into cryptocurrency.",https://gizmodo.com/musk-and-trumps-fort-knox-trip-is-about-bitcoin-2000569420,https://gizmodo.com/app/uploads/2024/10/sec-bitcoin-hack-arrest.jpg,2025-02-27T19:05:24Z,"Can a President make money out of thin air? On paper, yes.
Donald Trump and Elon Musk have been talking a lot about Fort Knox lately, the place where America keeps its official gold reserves. Both h… [+3792 chars]"
"{'id': 'the-verge', 'name': 'The Verge'}",Vox Creative,Five predictions for where crypto is headed in 2025,"Crypto is, once again, exploding. Momentum born of a potentially friendlier regulatory atmosphere has met rising coin values, with Bitcoin more than doubling in value last year. Meanwhile, powered by advances to the underlying infrastructure, crypto is evolvi…",https://www.theverge.com/ad/612525/five-predictions-for-crypto-2025-saga,https://platform.theverge.com/wp-content/uploads/sites/2/2025/02/VG24_Saga_1660442_Lede_V1.png?quality=90&strip=all&crop=0%2C29.057591623037%2C100%2C41.884816753927&w=1200,2025-02-26T18:34:53Z,"Crypto is, once again, exploding. Momentum born of a potentially friendlier regulatory atmosphere has met rising coin values, with Bitcoin more than doubling in value last year. Meanwhile, powered by… [+6145 chars]"
"{'id': None, 'name': 'BBC News'}",,'This battle is my 9 to 5 - I won't stop until I have my £620m of Bitcoin back',"James Howells claimed his ex-girlfriend threw out the hard drive, today worth £620m, in 2013.",https://www.bbc.com/news/articles/czdl6er0369o,https://ichef.bbci.co.uk/news/1024/branded_news/bc34/live/df2953e0-eae6-11ef-bd1b-d536627785f2.jpg,2025-02-15T21:57:29Z,"James Howells tried to sue Newport council to gain access to the tip where his hard drive ended up
It has been more than a decade since James Howells' hard drive - containing Bitcoin now worth hundr… [+6747 chars]"
"{'id': None, 'name': 'BBC News'}",,Cryptocurrency theft of £1.1bn could be biggest ever,Dubai-based Bybit said it could afford to reimburse customers and that it was working to find the hackers.,https://www.bbc.com/news/articles/cx2844nvwx8o,https://ichef.bbci.co.uk/news/1024/branded_news/6955/live/3b7f8060-f0a0-11ef-aa8c-a70a49189dd9.jpg,2025-02-22T01:49:14Z,"Faarea Masud
Cryptocurrency firm Bybit said hackers stole $1.5bn (£1.1bn) worth of digital currency in what could be the biggest crypto theft in history.
The Dubai-based company's founder told user… [+2300 chars]"
"{'id': None, 'name': 'CNET'}",Evan Zimmer,Trump Signs Executive Order Creating a Strategic Bitcoin Reserve. What Does It Mean for Cryptocurrency?,"Similar to how the government has a reserve of other currencies such as gold, this reserve houses the country's digital currency.",https://www.cnet.com/personal-finance/crypto/trump-signs-executive-order-creating-a-strategic-bitcoin-reserve-what-does-it-mean-for-cryptocurrency/,https://www.cnet.com/a/img/resize/511d7a10a23afef51a95ef553fa61647efd01373/hub/2025/01/29/f11cf59d-a006-459c-a618-56ed85969d87/gettyimages-2159371875.jpg?auto=webp&fit=crop&height=675&width=1200,2025-03-07T17:31:00Z,"On Thursday, President Donald Trump signed an executive order authorizing the creation of a strategic bitcoin reserve. The reserve will hold bitcoin obtained by the US government through criminal or … [+3785 chars]"
"{'id': None, 'name': 'Slashdot.org'}",BeauHD,Trump Signs Order To Establish Strategic Bitcoin Reserve,"President Trump has signed an executive order to establish a strategic reserve of cryptocurrencies by using tokens already owned by the government. Reuters reports: A ""Strategic Bitcoin Reserve"" will be capitalized with bitcoin owned by the federal government…",https://yro.slashdot.org/story/25/03/07/2224215/trump-signs-order-to-establish-strategic-bitcoin-reserve,https://a.fsdn.com/sd/topics/bitcoin_64.png,2025-03-07T23:20:00Z,I think this is probably a typical story. Back in 2011 or so I screwed around with Bitcoin. Back then it was possible to mine it without using the power output of Argentina. I figured it was a nice p… [+312 chars]
"{'id': None, 'name': 'Gizmodo.com'}",AJ Dellinger,US Soldier Accused of Verizon and AT&T Hacks Pleads Guilty,"He faces up to $500,000 in fines and 20 years in prison.",https://gizmodo.com/us-soldier-accused-of-verizon-and-att-hacks-pleads-guilty-2000565667,https://gizmodo.com/app/uploads/2024/04/5dbff8ac39ab28ed7fbb47f4eac09c76.jpg,2025-02-19T20:40:30Z,"Cameron John Wagenius, a former US Army soldier, pleaded guilty to his role in a hack that affected AT&amp;T and Verizon and resulted in the theft of data from well over 100 million customers of the … [+2409 chars]"
"{'id': 'time', 'name': 'Time'}",Andrew R. Chow,Why Trump’s Crypto Reserve Plan Has Experts Worried,"Economists and crypto fans alike question Trump's plan to create a ""crypto strategic reserve"" that would include Bitcoin and Ethereum.",https://time.com/7263869/donald-trump-crypto-reserve-summit-bitcoin/,https://api.time.com/wp-content/uploads/2025/03/GettyImages-2198663541.jpg?quality=85&w=1024&h=628&crop=1,2025-03-04T13:00:00Z,"After taking a massive tumble in February, crypto markets rallied on Sunday following Donald Trumps announcement that he would create a national crypto strategic reserve. Trump wrote on Truth Social … [+7899 chars]"
"{'id': None, 'name': 'NPR'}",Maria Aspan,U.S. stock market plunge as Trump's tariffs spark fears about a trade war,U.S. stock markets plummeted on Tuesday morning as a new global trade war began.,https://www.npr.org/2025/03/04/nx-s1-5317515/u-s-stock-markets-plunge-trump-tariffs-canada-mexico-china,https://npr.brightspotcdn.com/dims3/default/strip/false/crop/4112x2313+0+239/resize/1400/quality/100/format/jpeg/?url=http%3A%2F%2Fnpr-brightspot.s3.amazonaws.com%2Fcf%2F23%2F294cbe004e778fd147eab607c2dd%2Fgettyimages-2202696767.jpg,2025-03-04T16:06:37Z,"U.S. stock markets plummeted on Tuesday morning as a new global trade war began.
China and Canada announced new retaliatory measures on Tuesday after President Trump's long-promised tariffs took eff… [+1134 chars]"
"{'id': None, 'name': 'Yahoo Entertainment'}",,Strategy buys additional $2 billion worth of bitcoin,,https://consent.yahoo.com/v2/collectConsent?sessionId=1_cc-session_05de709f-94ea-44cd-9dab-ebd360bfd2d6,,2025-02-24T16:06:02Z,"If you click 'Accept all', we and our partners, including 238 who are part of the IAB Transparency &amp; Consent Framework, will also store and/or access information on a device (in other words, use … [+702 chars]"
"{'id': None, 'name': 'Gizmodo.com'}","Jesse Coburn, ProPublica",U.S. Housing Agency Considers Launching Crypto Experiment,HUD is pondering using the blockchain and a stablecoin. One HUD official derided it as “monopoly money.”,https://gizmodo.com/u-s-housing-agency-considers-launching-crypto-experiment-2000573596,https://gizmodo.com/app/uploads/2025/03/GettyImages-2203279232.jpg,2025-03-09T17:50:56Z,ProPublica is a Pulitzer Prize-winning investigative newsroom. Sign up for The Big Story newsletter to receive stories like this one in your inbox.The U.S. Department of Housing and Urban Development… [+9853 chars]
"{'id': None, 'name': 'Slashdot.org'}",EditorDavid,Trump Names Cryptocurrencies for 'Digital Asset Stockpile' in Social Media Post,"Despite a January announcement that America would explore the idea of a national digital asset stockpile, the exact cryptocurrecies weren't specified. Today on social media the president posted that it would include bitcoin, ether, XRP, Solana's SOL token and…",https://news.slashdot.org/story/25/03/02/2327231/trump-names-cryptocurrencies-for-digital-asset-stockpile-in-social-media-post,https://a.fsdn.com/sd/topics/money_64.png,2025-03-02T23:29:00Z,"Despite a January announcement that America would explore the idea of a national digital asset stockpile, the exact cryptocurrecies weren't specified. Today on social media the president posted that … [+1438 chars]"
"{'id': None, 'name': 'Yahoo Entertainment'}",Ayesha Aziz,Bitcoin's Acquisition Cost Hits Record $40.9K in 2024 as Analysts Predict $40K Floor Price,"Bitcoin’s average acquisition cost reached an all-time high of $40,980 per BTC at the end of 2024, according to ARK Invest’s Big Ideas 2025 report.",https://finance.yahoo.com/news/bitcoins-acquisition-cost-hits-record-074618301.html,https://media.zenfs.com/en/coinmarketcap_783/d3a0a5bad34a5f140d2405e0e0d5f562,2025-02-13T07:46:18Z,"Bitcoins average acquisition cost reached an all-time high of $40,980 per BTC at the end of 2024, according to ARK Invests Big Ideas 2025 report. This marks an 86% increase over the previous year, br… [+2258 chars]"
"{'id': 'abc-news', 'name': 'ABC News'}","Selina Wang, Elizabeth Schulze, Molly Nagle",White House crypto czar says public has 'lost out on over $17 billion',Crypto czar David Sacks argued taxpayers have lost out on billions because earlier administrations never took advantage of bitcoin in the government's possession.,https://abcnews.go.com/Politics/white-house-crypto-czar-public-lost-17-billion/story?id=119568771,https://i.abcnewsfe.com/a/6ed8d7fe-d9c1-45fc-802a-b38e525dc413/david-sacks-ap-jt-250307_1741379218032_hpMain_16x9.jpg?w=1600,2025-03-07T21:57:13Z,"David Sacks, the White House crypto czar, said Friday that taxpayers have lost out on ""over $17 billion of value"" because earlier administrations never took advantage of bitcoin already in the U.S. g… [+3761 chars]"
"{'id': 'wired', 'name': 'Wired'}","Lily Hay Newman, Matt Burgess",Cybercriminals Allegedly Used a StubHub Backdoor to Steal Taylor Swift Tickets,"Plus: The world’s “largest illicit online marketplace” gets hit by regulators, police seize the Garantex crypto exchange, and scammers trick targets by making up ransomware attacks.",https://www.wired.com/story/stubhub-backdoor-stolen-taylor-swift-tickets/,"https://media.wired.com/photos/67cb3f99e4681291d3b20994/191:100/w_1280,c_limit/taylor-swift-sec-2188665113.jpg",2025-03-08T11:30:00Z,"As Donald Trumps administration continues its relentless reorganization of the United States federal government, documents obtained by WIRED showed this week that the Department of Defense is looking… [+5468 chars]"
"{'id': None, 'name': 'Gizmodo.com'}",Matthew Gault,Crypto Soars Then Plunges Following Trump’s Post About a Strategic Reserve,"The Trump Pump briefly sent the prices of five cryptocurrencies soaring, but they're already coming back down to Earth.",https://gizmodo.com/crypto-soars-then-plunges-following-trumps-post-about-a-strategic-reserve-2000570740,https://gizmodo.com/app/uploads/2025/01/BTCBubble.jpg,2025-03-03T15:10:50Z,"Donald Trumps touch is poison. On Sunday morning the President took to Truth Social to juice the numbers of the cryptocurrencies XRP, SOL, and ADA. He said theyd be part of the forthcoming U.S. Crypt… [+2981 chars]"
"{'id': None, 'name': 'Gizmodo.com'}",AJ Dellinger,Trump Family’s DeFi Project Stocked Up on Crypto Assets Ahead of White House Crypto Summit,Surely this is all on the level.,https://gizmodo.com/trump-familys-defi-project-stocked-up-on-crypto-assets-ahead-of-white-house-crypto-summit-2000572583,https://gizmodo.com/app/uploads/2024/11/GettyImages-2163296066.jpg,2025-03-06T19:20:12Z,"Say what you will about the Department of Government Efficiency, but there are some ways that the Trump administration has significantly cut down on bloat. For example, it used to take at least a lit… [+2747 chars]"
"{'id': None, 'name': 'Yahoo Entertainment'}",,Bitcoin Price Faces Volatility as Market Braces for Potential $85K Breakdown Following August 2023 Pattern,,https://consent.yahoo.com/v2/collectConsent?sessionId=1_cc-session_855f1010-7003-4d30-97f8-2ef15cb85b3b,,2025-02-19T07:57:24Z,"If you click 'Accept all', we and our partners, including 238 who are part of the IAB Transparency &amp; Consent Framework, will also store and/or access information on a device (in other words, use … [+702 chars]"
"{'id': None, 'name': 'Yahoo Entertainment'}",,Crypto Daybook Americas: Bitcoin Slumps as Investors Flock to 'Doomsday Asset' Gold,,https://consent.yahoo.com/v2/collectConsent?sessionId=1_cc-session_64f20eea-dbe2-450e-a2f4-4972baa0f7b9,,2025-03-10T12:15:00Z,"If you click 'Accept all', we and our partners, including 238 who are part of the IAB Transparency &amp; Consent Framework, will also store and/or access information on a device (in other words, use … [+702 chars]"
"{'id': None, 'name': 'Yahoo Entertainment'}",,What Would Make Bitcoin Fall to Zero? 4 Things That Give It Value,,https://consent.yahoo.com/v2/collectConsent?sessionId=1_cc-session_b6502246-0b9a-41d4-bf94-82e2d64e858d,,2025-03-12T11:01:51Z,"If you click 'Accept all', we and our partners, including 238 who are part of the IAB Transparency &amp; Consent Framework, will also store and/or access information on a device (in other words, use … [+702 chars]"
"{'id': 'fox-news', 'name': 'Fox News'}","Kurt Knutsson, CyberGuy Report",1 click cost a father $4 million in bitcoin to vishing scammers,"A man invested $4 million in bitcoin and lost it all with a single click when he was targeted by a vishing scam, which uses phone calls to trick people.",https://www.foxnews.com/tech/one-click-cost-father-4-million-bitcoin-vishing-scammers,https://static.foxnews.com/foxnews.com/content/uploads/2025/03/2-one-click-cost-a-father-4-million-in-bitcoin-to-vishing-scammers.jpg,2025-03-05T15:00:19Z,"Many of us have families to look after. We save money not only for our own future but also perhaps even more so for our kids and grandkids. We want to secure a good education, help them buy a home or… [+11760 chars]"
"{'id': None, 'name': 'NPR'}",Brittney Melton,"Monthly jobs report to be released. And, the White House to host a crypto event","The Labor Department will release the monthly jobs report card today, which is expected to show solid growth. But that's not the whole picture. And, the White House will host a cryptocurrency summit.",https://www.npr.org/2025/03/07/g-s1-52550/up-first-newsletter-jobs-report-card-crypto-summit-hamas-israel-ceasefire,https://media.npr.org/assets/img/2024/05/03/gettyimages-72560537_wide-da5ddca6a5b2fd1d8e4f18bf9e3cea1857ba2ad0.jpg?s=1400&c=100&f=jpeg,2025-03-07T12:09:16Z,"Good morning. You're reading the Up First newsletter. Subscribe here to get it delivered to your inbox, and listen to the Up First podcast for all the news you need to start your day.
Today's top st… [+5375 chars]"
"{'id': None, 'name': 'MarketWatch'}",Mark Hulbert,North Korea’s $1.5 billion crypto hack is chump change — given what’s lurking,Crypto’s vulnerability to theft will keep bitcoin from widespread use,https://www.marketwatch.com/story/north-koreas-1-5-billion-crypto-hack-is-chump-change-given-whats-lurking-a03f29c3,https://images.mktw.net/im-47117379/social,2025-02-26T12:45:00Z,"Cryptocurrency buyers should be prepared for more and bigger threats after North Koreas recent robbery of close to
 $1.5 billion of cryptocurrency from crypto exchange Bybit.Thats just one of the im… [+306 chars]"
"{'id': None, 'name': 'heise online'}",Martin Holland,"Donald Trump: Krypto-Reserve nicht nur mit Bitcoin, Kurse springen hoch","Der US-Präsident hält am Plan für eine Reserve aus Kryptogeld fest, neben Bitcoin und Ethereum soll sie weitere Digitalwährungen enthalten. Die profitieren.",https://www.heise.de/news/Donald-Trump-Krypto-Reserve-nicht-nur-mit-Bitcoin-Kurse-springen-hoch-10301349.html,https://heise.cloudimg.io/bound/1200x1200/q85.png-lossy-85.webp-lossy-85.foil1/_www-heise-de_/imgs/18/4/8/1/1/2/1/4/shutterstock_1968404476-21e25c3afbb03770.jpg,2025-03-03T06:10:00Z,"Donald Trump hat angekündigt, welche Kryptowährungen in die strategische Reserve seines Landes aufgenommen werden sollen und damit den Kursen dreier weniger bekannter Digitalwährungen deutlichen Auft… [+2584 chars]"
"{'id': None, 'name': 'Xataka.com'}",Rubén Andrés,"Se suponía que las criptomonedas iban ""independizarse"" del poder de los estados. EEUU acaba de matarlo de un plumazo","Donald Trump acaba de dar luz verde al listado de criptomonedas que formarán parte de la reserva estratégica de criptomonedas en EEUU. Su llegada supone el fracaso de los fundamentos sobre los que se creó el bitcoin y el resto de criptomonedas: una economía ""…",https://www.xataka.com/criptomonedas/dijeron-que-criptomonedas-iban-a-descentralizar-finanzas-reserva-estrategica-eeuu-esta-desmontando-esa-premisa,https://i.blogs.es/8365f5/bitcoin-trump/840_560.jpeg,2025-03-03T16:01:15Z,Donald Trump acaba de dar luz verde al listado de criptomonedas que formarán parte de la reserva estratégica de criptomonedas en EEUU. Su llegada supone el fracaso de los fundamentos sobre los que se… [+4625 chars]
"{'id': None, 'name': 'Xataka.com'}",Javier Pastor,Los bancos pasaron años criticando las criptomonedas. El BBVA pronto permitirá operar con bitcoin y ETH desde su app,"Hace casi exactamente cuatro años que el Banco de España (BdE) y la Comisión Nacional de Mercados y Competencia (CNMV) publicaron un comunicado conjunto. En él advertían del riesgo de invertir en criptomonedas, sobre todo debido a a su ""extrema volatilidad, c…",https://www.xataka.com/empresas-y-economia/bancos-pasaron-anos-criticando-criptomonedas-bbva-pronto-permitira-operar-bitcoin-eth-su-app-movil,https://i.blogs.es/e81bdf/bbva-bitcoin/840_560.jpeg,2025-03-10T11:15:47Z,Hace casi exactamente cuatro años que el Banco de España (BdE) y la Comisión Nacional de Mercados y Competencia (CNMV) publicaron un comunicado conjunto. En él advertían del riesgo de invertir en cri… [+3691 chars]
"{'id': None, 'name': 'heise online'}",Martin Holland,Minus 20 Prozent in einer Woche: Kurse von Bitcoin & Co. regelrecht abgestürzt,Noch vor etwas über einem Monat kostete ein Bitcoin etwa 110.000 US-Dollar. Nach einer dramatischen Woche sind es am Freitag jetzt nur noch gut 80.000.,https://www.heise.de/news/Wie-im-Krypto-Winter-Bitcoin-faellt-auf-80-000-US-Dollar-10299714.html,https://heise.cloudimg.io/bound/1200x1200/q85.png-lossy-85.webp-lossy-85.foil1/_www-heise-de_/imgs/18/4/8/1/0/3/7/9/shutterstock_1977744146-382fbeb9a3469ab6.jpg,2025-02-28T09:49:00Z,"Der Preis für einen Bitcoin ist vorübergehend unter die Marke von 80.000 US-Dollar gefallen, seit dem Höchststand vor nur gut einem Monat ist der Kurs um mehr als 25 Prozent abgesackt. Allein in den … [+1997 chars]"
"{'id': None, 'name': 'heise online'}",Wolf Hosbach,Bösartiger Code in 200 GitHub-Repositories stiehlt knapp 500.000 Euro,Eine Malware-Kampagne in GitHub-Repositories hat es auf Bankdaten und Bitcoin-Wallets abgesehen. Der Schadcode wird oft erst zur Build-Zeit ausgeführt.,https://www.heise.de/news/Boesartiger-Code-in-200-GitHub-Repositories-stiehlt-knapp-500-000-Euro-10296516.html,https://heise.cloudimg.io/bound/1200x1200/q85.png-lossy-85.webp-lossy-85.foil1/_www-heise-de_/imgs/18/4/8/0/8/7/2/2/2024-11-21-Bing_Creator-File_Spreads_Malware-2-47f5d0fccb708742.jpg,2025-02-26T11:37:00Z,"Die Sicherheitsfirma Kaspersky warnt von einer neuen Attacke auf GitHub-Repositories, in der die Angreifer harmlose Fake-Software anbieten, die Bankdaten und Bitcoin-Wallets stiehlt. Seit circa zwei … [+2358 chars]"
"{'id': None, 'name': 'heise online'}",Martin Holland,Größter Diebstahl der Geschichte: Großteil der Beute in Bitcoin umgetauscht,"Anderthalb Wochen, nachdem 1,4 Milliarden US-Dollar in Kryptogeld bei Bybit gestohlen wurden, wurde die Beute fast komplett in Bitcoin umgetauscht.",https://www.heise.de/news/Groesster-Diebstahl-der-Geschichte-Grossteil-der-Beute-in-Bitcoin-umgetauscht-10304412.html,https://heise.cloudimg.io/bound/1200x1200/q85.png-lossy-85.webp-lossy-85.foil1/_www-heise-de_/imgs/18/4/8/1/2/8/1/8/shutterstock_1841762269-1efce39393fb55d5.jpg,2025-03-05T06:24:00Z,"Der Großteil der Beute des größten Krypto-Diebstahls und Diebstahls überhaupt wurde inzwischen in Bitcoin umgetauscht, etwa 10 Prozent sind nicht mehr auffindbar. Das berichtet TechCrunch unter Beruf… [+2971 chars]"
"{'id': None, 'name': 'heise online'}",Martin Holland,Zwischenhoch schon vorbei: Bitcoin & Co. haben Gewinne bereits wieder verloren,"Der starke Anstieg beim Preis für mehrere Kryptowährungen war wohl nur ein Strohfeuer, die Gewinne sind am Montag fast komplett wieder verloren gegangen.",https://www.heise.de/news/Zwischenhoch-schon-vorbei-Bitcoin-Co-haben-Gewinne-bereits-wieder-verloren-10302829.html,https://heise.cloudimg.io/bound/1200x1200/q85.png-lossy-85.webp-lossy-85.foil1/_www-heise-de_/imgs/18/4/8/1/1/9/8/8/shutterstock_1627989508-9f1bc314553beae8.jpg,2025-03-04T06:44:00Z,"Nachdem neue Details zur geplanten nationalen US-Reserve aus Kryptogeld dem Bitcoin und einigen Alternativen deutliche Kursgewinne beschert haben, sind die im Verlauf des Montags fast komplett wieder… [+1940 chars]"
"{'id': None, 'name': 'The Atlantic'}",Ben Walsh,Trump’s Crypto Reserve Is Really Happening,Now what?,https://www.theatlantic.com/technology/archive/2025/03/trump-crypto-reserve-executive-order/681977/,https://cdn.theatlantic.com/thumbor/FaimLLM3VTMKJbldSCCxeK_kKA0=/0x43:2000x1085/1200x625/media/img/mt/2025/03/20250305_crypto_reserve/original.jpg,2025-03-08T00:00:00Z,"Donald Trump wants to get back into the casino business. These days, the onetime owner of the infamous Taj Mahal casino is not interested in slot machines. He is set on a much newer kind of gambling:… [+5652 chars]"
"{'id': None, 'name': 'Xataka.com'}",Javier Pastor,La reserva estratégica de criptomonedas de Trump ha desatado la polémica. Y de paso ha disparado el valor de Bitcoin o ETH,"El verano pasado Donald Trump estaba en plena campaña para su reelección, y como parte de su estrategia planteó un proyecto singular: la creación de una reserva nacional estratégica de criptomonedas. Acaba de ofrecer más detalles sobre esta iniciativa, y eso …",https://www.xataka.com/criptomonedas/reserva-estrategica-criptomonedas-trump-ha-desatado-polemica-paso-ha-disparado-valor-bitcoin-eth,https://i.blogs.es/423b32/trump-btc/840_560.jpeg,2025-03-03T10:31:15Z,"El verano pasado Donald Trump estaba en plena campaña para su reelección, y como parte de su estrategia planteó un proyecto singular: la creación de una reserva nacional estratégica de criptomonedas.… [+5540 chars]"
"{'id': None, 'name': 'Genbeta.com'}",Antonio Vallejo,Hay 28 milmillonarios por las criptomonedas en el mundo. Solo 11 de ellos lo son por invertir en bitcoin,"El año pasado pudimos echarle un ojo al informe de riqueza global de 2023, elaborado por UBS y Credit Suisse. En él observamos que, según los datos, en el mundo había aproximadamente 59,4 millones de personas con un patrimonio superior a un millón de dólares.…",https://www.genbeta.com/actualidad/hay-28-milmillonarios-criptomonedas-mundo-solo-11-ellos-invertir-bitcoin,https://i.blogs.es/73fcc7/andre-francois-mckenzie-igyibhdntpe-unsplash/840_560.jpeg,2025-03-11T09:38:15Z,"El año pasado pudimos echarle un ojo al informe de riqueza global de 2023, elaborado por UBS y Credit Suisse. En él observamos que, según los datos, en el mundo había aproximadamente 59,4 millones de… [+2874 chars]"
"{'id': None, 'name': 'Golem.de'}",Ingo Pakalski,Kryptowährung: Bitcoin sackt immer weiter ab,"Seitdem Donald Trump wieder US-Präsident ist, kennt der Bitcoin-Kurs nur die Richtung nach unten. Der jetzige Kurseinbruch hat mehrere Gründe. (Bitcoin, Wirtschaft)",https://www.golem.de/sonstiges/zustimmung/auswahl.html?from=https%3A%2F%2Fwww.golem.de%2Fnews%2Fkryptowaehrung-bitcoin-sackt-immer-weiter-ab-2502-193818.html&referer=https%3A%2F%2Ft.co%2F641f1ccafc,,2025-02-28T10:39:02Z,"Besuchen Sie Golem.de wie gewohnt mit Werbung und Tracking,
 indem Sie der Nutzung aller Cookies zustimmen.
 Details zum Tracking finden Sie im Privacy Center.
Skript wurde nicht geladen. Informat… [+607 chars]"
"{'id': None, 'name': 'CoinDesk'}",CoinDesk,XRP & DOGE Blast After SEC Acknowledges Grayscale ETF Applications,"XRP and Dogecoin surge after the U.S. SEC acknowledged Graycale's applications for XRP and DOGE spot ETFs. Plus, GameStop considers buying bitcoin and South ...",https://videos.coindesk.com/previews/BIrOY5ao,https://media.zenfs.com/en/coindesk_75/324149addf68cb0f0bbb2de860cc2c74,2025-02-14T16:22:11Z,"XRP and Dogecoin surge after the U.S. SEC acknowledged Graycale's applications for XRP and DOGE spot ETFs. Plus, GameStop considers buying bitcoin and South Korea lifts a ban on crypto trading in a s… [+97 chars]"
"{'id': None, 'name': 'MarketWatch'}",Frances Yue,Why bitcoin bulls aren’t happy about Trump’s plans for something they’ve long wanted: a crypto reserve,A backlash over President Donald Trump’s plan to include three small and relatively risky tokens in an eagerly awaited U.S. strategic crypto reserve helped largely erase a rally for bitcoin and other digital assets on Monday.,https://www.marketwatch.com/story/why-bitcoin-bulls-arent-happy-about-trumps-plans-for-something-theyve-long-wanted-a-crypto-reserve-49a05354,https://images.mktw.net/im-809887/social,2025-03-03T22:34:00Z,A backlash over President Donald Trumps plan to include three small and relatively risky tokens in an eagerly awaited U.S. strategic crypto reserve helped largely erase a rally for bitcoin and other … [+263 chars]
"{'id': 'business-insider', 'name': 'Business Insider'}",fdemott@businessinsider.com (Filip De Mott),Crypto party: The SEC dropping a major lawsuit could open the floodgates for more deregulation,"""This is not about how the litigation was going, this is about the Trump administration not wanting to go after crypto,"" a source told BI.",https://www.businessinsider.com/sec-coinbase-lawsuit-crypto-regulation-trump-ripple-xrp-coin-stock-2025-2,https://i.insider.com/67b8ad2aeb4be2fff9a54002?width=1200&format=jpeg,2025-02-21T17:56:35Z,"The Securities and Exchange Commission is ending a nearly two-year case against Coinbase, a development that's likely a harbinger of the coming era of lighter regulation of digital assets under the T… [+4865 chars]"
"{'id': None, 'name': 'Gizmodo.jp'}",satomi,北朝鮮がBybitから盗んだ仮想通貨2200億円、超速で世界に散る,Image:ギズモード・ジャパンgeneratedwithShutterstock.AIMt.GOXの390億円、CoinCheckの580億円も真っ青の、総被害額2200億円！ドバイの仮想通貨取引所Bybit（バイビット）が先月21日ハックされ、14億6000万ドル（約2200億円）相当のイーサリアムが盗まれて「暗号資産史上最大の盗難事件」と騒がれています。本件でFBIは同26日、北朝鮮のハッカ,https://www.gizmodo.jp/2025/03/bybit-hacked.html,https://media.loom-app.com/gizmodo/dist/images/2025/03/01/shutterstock_2592314587.jpg?w=1280&h=630&f=jpg,2025-03-01T14:00:00Z,"Mt.GOX390CoinCheck5802200
Bybit211460002200
FBI26TraderTraitorLazarus Group
Bybit
BybitCEOBen ZhouX
Bybit ETH*1*
UI@safeURLETH*
ETHETH
***
Bitcoin Insider
Bybit
TRM LabsEther48230014600DL … [+188 chars]"
"{'id': None, 'name': 'Gizmodo.com'}",Lucas Ropek,Neo-Nazis Seek Bitcoin Donations as They Prepare to Return to Trump’s America,The rightwing group seeks the creation of a white ethnostate.,https://gizmodo.com/neo-nazis-seek-bitcoin-donations-as-they-prepare-to-return-to-trumps-america-2000567705,https://gizmodo.com/app/uploads/2021/07/63942279fef61556bc46015f2c79c3e8.jpg,2025-02-24T21:50:46Z,"A notorious neo-Nazi group appears to be building up its membership in the U.S., and it’s using cryptocurrency as a way to crowdfund its growth, The Guardian has reported.
“The Base,” which was foun… [+3312 chars]"
"{'id': None, 'name': 'Faz.net'}",Alexander Bechtel,Strategische Bitcoin-Reserve: Donald Trump macht Bitcoin zur Staatsangelegenheit,Mit einer neuen Durchführungsverordnung schafft Donald Trump eine strategische Bitcoin-Reserve für die USA. Ein kluger Schachzug gegen geopolitische Rivalen oder nur Symbolpolitik?,https://www.faz.net/pro/digitalwirtschaft/transformation/donald-trump-macht-bitcoin-zur-staatsangelegenheit-110346852.html,https://media0.faz.net/ppmedia/pro/digitalwirtschaft/transformation/2858405403/1.10348996/facebook_teaser/hq/donald-trump-gab-nach-knapp.jpg,2025-03-12T12:46:14Z,Donald Trump bleibt seinem Stil treu. Nach knapp zwei Monaten im Amt unterzeichnet er weiterhin eine Durchführungsverordnung nach der anderen. Am 6. März rückte erneut die Kryptowelt in den Fokus. De… [+3960 chars]
"{'id': None, 'name': 'Faz.net'}",Alexander Bechtel,Strategische Bitcoin-Reserve: Donald Trump macht Bitcoin zur Staatsangelegenheit,Mit einer neuen Durchführungsverordnung schafft Donald Trump eine strategische Bitcoin-Reserve für die USA. Ein kluger Schachzug gegen geopolitische Rivalen oder nur Symbolpolitik?,https://www.faz.net/pro/digitalwirtschaft/transformation/strategische-bitcoin-reserve-donald-trump-macht-bitcoin-zur-staatsangelegenheit-110346852.html,https://media0.faz.net/ppmedia/pro/digitalwirtschaft/transformation/2858405403/1.10348996/facebook_teaser/hq/donald-trump-gab-nach-knapp.jpg,2025-03-12T12:46:14Z,Donald Trump bleibt seinem Stil treu. Nach knapp zwei Monaten im Amt unterzeichnet er weiterhin eine Durchführungsverordnung nach der anderen. Am 6. März rückte erneut die Kryptowelt in den Fokus. De… [+3960 chars]
"{'id': None, 'name': 'NPR'}",Brittney Melton,"Automakers granted relief from tariffs. And, fired USDA workers return to work","President Trump announced a one-month reprieve from import tariffs for automakers after he imposed them on Canada and Mexico. And, thousands of fired USDA workers return to work today.",https://www.npr.org/2025/03/06/g-s1-52336/up-first-newsletter-big-3-automakers-trump-tariffs-fired-usda-workers,https://media.npr.org/assets/img/2022/10/07/gettyimages-853168600_wide-0a9f3ad2069d60239b58e2a9696d06e3d325a23b.jpg?s=1400&c=100&f=jpeg,2025-03-06T11:35:02Z,"Good morning. You're reading the Up First newsletter. Subscribe here to get it delivered to your inbox, and listen to the Up First podcast for all the news you need to start your day.
Today's top st… [+5094 chars]"
"{'id': None, 'name': 'Xataka.com'}",Javier Pastor,Operar con bitcoin en bancos como el BBVA es estupendo salvo por una cosa: la pelota estará siempre en tu tejado,"El BBVA acaba de convertirse en el primer gran banco tradicional en permitir a sus clientes operar con criptomonedas. Lo anunciaba esta semana tras recibir la llamada licencia MiCA (Markets in Crypto Assets), la regulación europea que se aprobó en abril de 20…",https://www.xataka.com/empresas-y-economia/operar-bitcoin-bancos-como-bbva-estupendo-salvo-cosa-pelota-estara-siempre-tu-tejado,https://i.blogs.es/702bcd/bbva/840_560.jpeg,2025-03-12T07:01:47Z,El BBVA acaba de convertirse en el primer gran banco tradicional en permitir a sus clientes operar con criptomonedas. Lo anunciaba esta semana tras recibir la llamada licencia MiCA (Markets in Crypto… [+3932 chars]
"{'id': None, 'name': 'Yahoo Entertainment'}",,Elon Musk Wonders If US Gold Reserves Are Regularly Audited—Cynthia Lummis Tells DOGE Lead It's Time To Add Bitcoin For Transparency,,https://consent.yahoo.com/v2/collectConsent?sessionId=1_cc-session_7959224a-fb92-4a88-be43-1e4d76c89e4e,,2025-02-17T19:30:14Z,"If you click 'Accept all', we and our partners, including 238 who are part of the IAB Transparency &amp; Consent Framework, will also store and/or access information on a device (in other words, use … [+702 chars]"
"{'id': None, 'name': 'Yahoo Entertainment'}",,Michael Saylor once told people to mortgage their home to buy Bitcoin—now the cryptocurrency is down so much he’s wants them to harvest a kidney,,https://consent.yahoo.com/v2/collectConsent?sessionId=1_cc-session_e3d782be-5929-49f8-be06-0f3cdbab32c4,,2025-02-28T18:56:17Z,"If you click 'Accept all', we and our partners, including 238 who are part of the IAB Transparency &amp; Consent Framework, will also store and/or access information on a device (in other words, use … [+702 chars]"
"{'id': None, 'name': 'heise online'}",Niklas Jan Engelking,Größter Diebstahl der Geschichte: Bybit nutzte Freeware und wurde dadurch Opfer,Eine unsichere Freeware ermöglichte den Angreifern den Milliarden-Diebstahl bei Bybit. Die Probleme waren schon lang bekannt.,https://www.heise.de/news/Groesster-Diebstahl-der-Geschichte-Bybit-nutzte-Freeware-und-wurde-dadurch-Opfer-10309241.html,https://heise.cloudimg.io/bound/1200x1200/q85.png-lossy-85.webp-lossy-85.foil1/_www-heise-de_/imgs/18/4/8/1/5/3/9/8/shutterstock_1968404476-21e25c3afbb03770.jpg,2025-03-08T16:42:00Z,"Eine Recherche bringt Neues im Fall Bybit ans Licht: Der größte Diebstahl der Geschichte wurde möglich, weil das Unternehmen sich auf eine unsichere Freeware verließ. ""Safe"" heißt die betroffene Anwe… [+2555 chars]"
"{'id': 'the-verge', 'name': 'The Verge'}",Andrew J. Hawkins,Is Tesla cooked?,"Tesla stock plunged 15 percent on Monday, its steepest drop in five years. The price is down over 50 percent since its December highs. Tesla owners, disgusted with Elon Muskâs slash-and-burn tactics for the Trump administration, are selling their vehicles a…",https://www.theverge.com/tesla/627894/tesla-stock-sales-protest-musk-trump-doge,https://platform.theverge.com/wp-content/uploads/sites/2/2025/03/STK022_ELON_MUSK_4_CVIRGINIA_B.webp?quality=90&strip=all&crop=0%2C10.732984293194%2C100%2C78.534031413613&w=1200,2025-03-11T22:17:04Z,"The CEO is absent, the stocks are plummeting, and the brand is toxic. Teslas future looks grim. 
The CEO is absent, the stocks are plummeting, and the brand is toxic. Teslas future looks grim. 
Tes… [+10200 chars]"
"{'id': None, 'name': 'heise online'}",Daniel AJ Sokolov,WTF: ICANN Opfer von Phishing: Online-Konto für Kryptowährungs-Reklame missbraucht,"""Die ICANN gibt dem Internet seine eigene Währung"", schallte es von einem offiziellen ICANN-Konto eines Sozialen Netzes. Hinter ""$DNS"" stecken aber Kriminelle.",https://www.heise.de/news/ICANN-Opfer-von-Phishing-Online-Konto-fuer-Kryptowaehrungs-Reklame-missbraucht-10280537.html,https://heise.cloudimg.io/bound/1200x1200/q85.png-lossy-85.webp-lossy-85.foil1/_www-heise-de_/imgs/18/4/8/0/0/3/8/4/shutterstock_1924985480-0595137c304ec176.jpg,2025-02-12T21:24:00Z,"Die Netz-Selbstverwaltung ICANN ist Phishing zum Opfer gefallen. Trotz Multi-Faktor-Authentifizierung ist es einem Angreifer am Dienstag gelungen, das offizielle ICANN-Konto im Sozialen Netz X zu übe… [+3086 chars]"
"{'id': 'le-monde', 'name': 'Le Monde'}",Le Monde avec AFP,Cryptomonnaies : Donald Trump octroie une « réserve stratégique de bitcoins » aux Etats-Unis,"La décision, actée par décret jeudi, constitue une marque de soutien au secteur, qui a contribué au financement de la campagne présidentielle du républicain. Mais les avoirs américains – quelque 200 000 bitcoins – sont issus de saisies judiciaires et n’ont pa…",https://www.lemonde.fr/international/article/2025/03/07/cryptomonnaies-donald-trump-octroie-une-reserve-strategique-de-bitcoins-aux-etats-unis_6576856_3210.html,https://img.lemde.fr/2025/01/10/0/0/6336/4224/1440/960/60/0/059cddc_ftp-import-images-1-ri7jaicfrbbq-ad4bc10da093425c8bf04f8bd57ec129-0-7385bd238e72402f961b3bfb67f19a50.jpg,2025-03-07T02:37:48Z,"Donald Trump, alors candidat à lélection présidentielle, sexprime lors de la conférence Bitcoin 2024, le 27 juillet 2024, à Nashville (Tennessee). MARK HUMPHREY / AP
Le conseiller à lintelligence ar… [+2882 chars]"
"{'id': 'business-insider', 'name': 'Business Insider'}",Dan DeFrancesco,How to protect yourself from a recession,"The economy might take a dive, but you don't have to let it take you down with it.",https://www.businessinsider.com/how-to-protect-yourself-from-recession-2025-3,https://i.insider.com/678671d28951662c9f1ffba4?width=1200&format=jpeg,2025-03-10T12:52:26Z,"Bartolome Ozonas/Getty Images
<ul><li>This post originally appeared in the Business Insider Today newsletter.</li><li>You can sign up for ]</li><li>Business Insider's daily newsletter here.</li></ul… [+8839 chars]"
"{'id': None, 'name': 'Flowingdata.com'}",Nathan Yau,Rise and fall and rise again for bitcoin,"There was a moment a few years ago when cryptocurrency was mentioned everywhere you went. Then it faded for a while. But now it’s kind of back. With the new administration, Financial Times (p…",https://flowingdata.com/2025/02/14/rise-and-fall-and-rise-again-for-bitcoin/,https://flowingdata.com/wp-content/uploads/2025/02/bitcoin-trump.png,2025-02-14T18:59:37Z,"There was a moment a few years ago when cryptocurrency was mentioned everywhere you went. Then it faded for a while. But now it’s kind of back. With the new administration, Financial Times (paywalled… [+172 chars]"
"{'id': None, 'name': 'Faz.net'}",Olaf Wittrock,Paraguays Traum vom grünen Bitcoin,"In dem lateinamerikanischen Land gibt es billigen Strom aus Wasserkraft im Überfluss. Darauf setzen Investoren, die Bitcoins schürfen wollen, ohne dem Klima zu schaden. Doch das muss nicht so bleiben.",https://www.faz.net/pro/weltwirtschaft/finanzwelt/paraguays-traum-vom-gruenen-bitcoin-newsletter-f-a-z-pro-weltwirtschaft-110319864.html,https://media1.faz.net/ppmedia/pro/weltwirtschaft/802127809/1.10320267/facebook_teaser_fplus/das-itaipu-wasserkraftwerk-an.jpg,2025-02-26T16:01:57Z,"Die Organisation Bitcoin Paraguay weiß genau, womit sie in der Szene überzeugen kann: Auf dem Netzwerk X strahlt einem im Profilbild der Staudamm des Wasserkraftwerk Itaipú unweit der Iguazú-Wasserfä… [+317 chars]"
"{'id': None, 'name': 'Gizmodo.jp'}",岡本玄介,ビットコイン入りHDDを捨てられた男、ゴミ埋立地ごと購入に乗り出す,"Image:Shutterstock過去の間違いを正すための執念だそうな。2013年のこと、当時貯めていた7,500ビットコインにアクセスする鍵を保存したハードディスクが、恋人の手違いで捨てられてしまった英国人男性ジェームズ・ハウエルズさん。ジェームズ・ハウエルズさんImage:BBC当時も世界的な話題になりましたが、2025年になって新たな動きが出てきました。探したいのに探せないHDDはゴミの埋",https://www.gizmodo.jp/2025/02/buying-landfill-to-salvage-bitcoin.html,https://media.loom-app.com/gizmodo/dist/images/2025/02/18/shutterstock_1496059370.jpg?w=1280&h=630&f=jpg,2025-02-18T02:00:00Z,"20137,500
Image: BBC
Video: BBC News / YouTube
2025
HDD10
102024952
20252026
AI
Heres the plan: Im buying the landfill.
Thats right. If the government wont let me search for my hard drive wi… [+716 chars]"
"{'id': None, 'name': 'Theregister.com'}",Brandon Vigliarolo,Crypto takes a dip as Trump signs Bitcoin Reserve order,"With no allowance to sell and little room to buy, and markets on the slide, it's UB40 time: Red, red, whine
Comment It's official: President Donald Trump signed an executive order Thursday to create a US Bitcoin reserve and stockpile of related digital assets…",https://www.theregister.com/2025/03/07/trump_signs_bitcoin_reserve_eo/,https://regmedia.co.uk/2025/03/07/shutterstock_bitcoin_trump.jpg,2025-03-07T20:36:12Z,"Comment It's official: President Donald Trump signed an executive order Thursday to create a US Bitcoin reserve and stockpile of related digital assets, though instead of boosting the value of the co… [+6779 chars]"
"{'id': None, 'name': 'Golem.de'}",Andreas Donath,USA: Trump kündigt Krypto-Vermögenswerte für nationale Reserve an,"Donald Trump hat Einzelheiten dazu bekannt gegeben, was eine strategische Kryptowährungsreserve der USA beinhalten könnte. (Bitcoin, Politik)",https://www.golem.de/sonstiges/zustimmung/auswahl.html?from=https%3A%2F%2Fwww.golem.de%2Fnews%2Fusa-trump-kuendigt-krypto-vermoegenswerte-fuer-nationale-reserve-an-2503-193860.html&referer=https%3A%2F%2Ft.co%2F3d7b67ccf5,,2025-03-03T06:32:02Z,"Besuchen Sie Golem.de wie gewohnt mit Werbung und Tracking,
 indem Sie der Nutzung aller Cookies zustimmen.
 Details zum Tracking finden Sie im Privacy Center.
Skript wurde nicht geladen. Informat… [+607 chars]"
"{'id': None, 'name': 'Golem.de'}",Achim Sawall,DIW-Chef: Kryptowährungen könnten Auslöser neuer Finanzkrise werden,"Der Präsident des Deutschen Instituts für Wirtschaftsforschung (DIW) sieht den Einfluss der Krypto-Branche auch in Europa wachsen. (Bitcoin, Wirtschaft)",https://www.golem.de/sonstiges/zustimmung/auswahl.html?from=https%3A%2F%2Fwww.golem.de%2Fnews%2Fdiw-chef-kryptowaehrungen-koennten-ausloeser-neuer-finanzkrise-werden-2502-193525.html&referer=https%3A%2F%2Ft.co%2Fbc0829e891,,2025-02-20T06:41:01Z,"Besuchen Sie Golem.de wie gewohnt mit Werbung und Tracking,
 indem Sie der Nutzung aller Cookies zustimmen.
 Details zum Tracking finden Sie im Privacy Center.
Skript wurde nicht geladen. Informat… [+607 chars]"
"{'id': None, 'name': 'Yahoo Entertainment'}",,Better Cryptocurrency to Buy and Hold for 10 Years: Bitcoin vs. Cardano,,https://consent.yahoo.com/v2/collectConsent?sessionId=1_cc-session_7c0ad1b8-4891-4f50-ada6-c3cb7cca3dd9,,2025-02-25T10:45:00Z,"If you click 'Accept all', we and our partners, including 238 who are part of the IAB Transparency &amp; Consent Framework, will also store and/or access information on a device (in other words, use … [+702 chars]"
"{'id': None, 'name': 'MarketWatch'}",Tomi Kilgore,Strategy’s stock surges just in time. Why it’s not enough to halt the bear trend.,"The stock’s rally, on the back of Trump’s call for a U.S. crypto reserve, comes a day after it flirted with dropping below a key technical indicator",https://www.marketwatch.com/story/strategys-stock-surges-just-in-time-why-its-not-enough-to-halt-the-bear-trend-c8a2f84f,https://images.mktw.net/im-69619304/social,2025-03-03T16:47:00Z,"Shares of Strategy charged higher Monday, as investors in the software company and de facto bitcoin play cheered President Trumps call for a U.S. strategic crypto reserve, but then backed off after h… [+178 chars]"
"{'id': 'die-zeit', 'name': 'Die Zeit'}",ZEIT ONLINE: News -,Kryptowährungen: Bitcoin hält sich nach Kurssprung über 90.000 US-Dollar,Hier finden Sie Informationen zu dem Thema „Kryptowährungen“. Lesen Sie jetzt „Bitcoin hält sich nach Kurssprung über 90.000 US-Dollar“.,https://www.zeit.de/news/2025-03/03/bitcoin-haelt-sich-nach-kurssprung-ueber-90-000-us-dollar,https://img.zeit.de/news/2025-03/03/bitcoin-haelt-sich-nach-kurssprung-ueber-90-000-us-dollar-image-group/wide__1300x731,2025-03-03T10:47:06Z,"Der Bitcoin hat sich nach dem Kurssprung vom Sonntag zum Start in die neue Woche auf hohem Niveau gehalten. Zwar sank der Kurs am späten Vormittag um rund zweieinhalb Prozent auf 91.892 US-Dollar, al… [+2239 chars]"
"{'id': 'business-insider', 'name': 'Business Insider'}",Kenneth Niemeyer,What you need to know about the 'Ghost' cyberattacks and why the FBI is concerned,"The FBI is warning about a Chinese ransomware group called ""Ghost.""",https://www.businessinsider.com/ghost-cyberattacks-ransomware-what-you-need-to-know-2025-2,https://i.insider.com/67bbac30c040bd1b4ca2e7ff?width=1200&format=jpeg,2025-02-24T00:04:27Z,"The FBI is warning about a Chinese ransomware group called ""Ghost.""Witthaya Prasongsin/Getty Images
<ul><li>The FBI has issued a warning about a Chinese ransomware group called Ghost.</li><li>Ghost … [+3118 chars]"
"{'id': 'die-zeit', 'name': 'Die Zeit'}",ZEIT ONLINE: Geld - Gerrit-Freya Klebe,Kryptoreserve: Was bringt ein Fort Knox für Kryptowährungen?,Aus Bitcoin und vier anderen digitalen Währungen will Donald Trump eine nationale Kryptoreserve schaffen. Er schürt die Gier – und stößt auf skeptische Märkte.,https://www.zeit.de/geld/2025-03/kryptoreserve-bitcoin-kurs-entwicklung-donald-trump,https://img.zeit.de/geld/2025-03/trump-kryptowaehrungen-bild-2/wide__1300x731,2025-03-08T04:56:10Z,"Ein großer Teil der Goldreserven der USA lagert in einem Granitgebäude unter einem Dach, das selbst Bombeneinschläge überstehen soll. Im Bullion Depository der Vereinigten Staaten, besser bekannt als… [+647 chars]"
"{'id': 'die-zeit', 'name': 'Die Zeit'}",ZEIT ONLINE: Ausland - Katharina James,"Der US-Überblick am Morgen: Trump äußert Zweifel an Nato-Beistandspflicht, ordnet Kryptoreserve an","""Wenn sie nicht zahlen, werde ich sie nicht verteidigen"", sagt der US-Präsident über Nato-Partner. Die USA sollen eine Bitcoin-Reserve anlegen. Der US-Überblick am Morgen",https://www.zeit.de/politik/ausland/2025-03/us-ueberblick-morgen-donald-trump-nato-beistandsverpflichtung-kryptoreserve,https://img.zeit.de/politik/ausland/2025-03/us-ueberblick-morgen-donald-trump-nato-beistandsverpflichtung-kryptoreserve-bild/wide__1300x731,2025-03-07T03:59:40Z,"Trump stellt Nato-Beistandspakt erneut in Frage
US-Präsident Donald Trump hat erneut die Beistandsverpflichtungen innerhalb der Nato in Frage gestellt. ""Wenn sie nicht zahlen, werde ich sie nicht ve… [+4970 chars]"
"{'id': None, 'name': 'Yahoo Entertainment'}",,"Bitcoin Chart Shows Back to Back Weekly Hammer Candles, Seen Only a Handful Of Times in BTC History",,https://consent.yahoo.com/v2/collectConsent?sessionId=1_cc-session_d2c48ccf-abbd-42d9-b461-54c8c52dd054,,2025-03-06T10:30:38Z,"If you click 'Accept all', we and our partners, including 238 who are part of the IAB Transparency &amp; Consent Framework, will also store and/or access information on a device (in other words, use … [+702 chars]"
"{'id': None, 'name': 'Faz.net'}","Jan Hauser, Inken Schönauer, Martin Hock",Wie wir reich werden – Jubiläumsfolge mit Überraschungen,"Von Aktien bis Zinsen: In der 200. Folge geht es um den richtigen Anlagemix, vermietete Immobilien und Bitcoin. Was ist alles für die Kapitalanlage zu beachten?",https://www.faz.net/podcasts/f-a-z-finanzen-immobilien/alles-was-sie-ueber-geldanlage-wissen-muessen-110303911.html,https://media1.faz.net/ppmedia/aktuell/feuilleton/1910949986/1.10304339/facebook_teaser_fplus/konfetti-zum-jubilaeum-wie.jpg,2025-02-25T06:33:57Z,"Zugang zu allen FAZ+ Beiträgen12,80 
 jetzt nur 0,99 
Zugang zu allen FAZ+ Beiträgen12,80 
 jetzt nur 0,99 
<ul><li>Mit einem Klick online kündbar</li></ul>"
"{'id': None, 'name': 'tagesschau.de'}",,Kryptowährung Bitcoin sackt immer weiter ab,Erstmals seit November ist der Wert des Bitcoin wieder unter die Marke von 80.000 Dollar gefallen. Auch die Kryptowährung wird belastet durch Trumps Zollpläne. Dazu kommt Enttäuschung über bislang ausgebliebene Maßnahmen.,https://www.tagesschau.de/wirtschaft/finanzen/bitcoin-kryptowaehrung-verluste-100.html,https://images.tagesschau.de/image/937d2e70-6416-4a09-b5f8-785376bb1a9d/AAABlUwHAaI/AAABkZLhkrw/16x9-1280/nyse-388.jpg,2025-02-28T11:01:12Z,"Stand: 28.02.2025 12:01 Uhr
Erstmals seit November ist der Wert des Bitcoin wieder unter die Marke von 80.000 Dollar gefallen. Auch die Kryptowährung wird belastet durch Trumps Zollpläne. Dazu kommt… [+3688 chars]"
"{'id': None, 'name': 'Obscura.net'}",,Obscura VPN – Privacy that's more than a promise,Available for Mac. Download today.,https://obscura.net/,https://obscura.net/og.png,2025-02-20T01:06:56Z,"Thanks for reaching the bottom not everyone makes it.
Im incredibly lucky to have the help of a crack(ed) team of privacy optimists to build Obscura.
Among us, weve served on the Nix RFC Steering C… [+822 chars]"
"{'id': None, 'name': 'Kaspersky.com'}",,Kaspersky exposes hidden malware on GitHub stealing personal data,Kaspersky Global Research & Analysis Team (GReAT) discovered hundreds of open source repositories with multistaged malware targeting gamers and cryptoinvestors within a new campaign that was dubbed by Kaspersky as GitVenom. The infected projects include an au…,https://www.kaspersky.com/about/press-releases/kaspersky-exposes-hidden-malware-on-github-stealing-personal-data-and-485000-in-bitcoin,,2025-02-28T15:06:50Z,Kaspersky Global Research &amp; Analysis Team (GReAT) discovered hundreds of open source repositories with multistaged malware targeting gamers and cryptoinvestors within a new campaign that was dubb… [+3503 chars]
"{'id': 'business-insider', 'name': 'Business Insider'}",Dan DeFrancesco,People are pumping the brakes on their expectations of economic growth,"The US economy is starting to look sluggish, and DOGE's government cuts could be speeding up its slowdown.",https://www.businessinsider.com/us-economy-slowing-signs-slowing-doge-sluggish-growth-2025-2,https://i.insider.com/67c04fdab1834fe311659f69?width=1200&format=jpeg,2025-02-27T13:46:54Z,"United States Treasury DepartmentGetty Images
<ul><li>This excerpt originally appeared in the Business Insider Today newsletter.</li><li>You can sign up for Business Insider's daily newsletter here.… [+9815 chars]"
"{'id': None, 'name': 'heise online'}",Dennis Schirrmacher,l+f: Ransomware-Attacke via Schneckenpost,Analoge Erpressung: Schlagen die Cyberkriminellen der BianLian-Bande neue Wege ein?,https://www.heise.de/news/l-f-Ransomware-Attacke-via-Schneckenpost-10305347.html,https://heise.cloudimg.io/bound/1200x1200/q85.png-lossy-85.webp-lossy-85.foil1/_www-heise-de_/imgs/18/4/8/1/3/3/0/5/2024-08-30-Bing_Designer-Quishing-QR-Code-Phishing-3-ae55fd60b6b94115.jpg,2025-03-05T13:26:00Z,"In den USA haben CEOs von verschiedenen Firmen und Gesundheitseinrichtungen Erpresserbriefe per Post bekommen. Als Absender findet sich die Ransomwaregang BianLian auf den Kuverts.
Normalerweise ver… [+1278 chars]"
"{'id': None, 'name': 'Presse-citron'}",Jean-Yves Alric,Donald Trump va créer une « réserve crypto » : de quoi s’agit-il ?,Une initiative qui génère de grosses critiques.,https://www.presse-citron.net/donald-trump-va-creer-une-reserve-crypto-de-quoi-sagit-il/,https://www.presse-citron.net/app/uploads/2024/11/trump-crypto-bitcoin.jpg,2025-03-07T14:03:32Z,"Donald Trump a signé ce jeudi 6 mars un décret visant à créer un stock national de Bitcoin et dautres monnaies numériques. Voici tout ce quil faut savoir sur cette initiative, les espoirs quelle susc… [+2342 chars]"
"{'id': None, 'name': 'heise online'}",Andreas Knobloch,"Dienstag: Lichtblick für Intel, Washingtons Kehrwende sorgt für Spekulationen",Tests von Nvidia und Broadcom + Unsicherheit in der Security-Branche + Kursrally bei Kryptoassets + Datenschutz bedroht Webcams + Etappensieg für Autoindustrie,https://www.heise.de/news/Dienstag-Lichtblick-fuer-Intel-Washingtons-Kehrwende-sorgt-fuer-Spekulationen-10302765.html,https://heise.cloudimg.io/bound/1200x1200/q85.png-lossy-85.webp-lossy-85.foil1/_www-heise-de_/imgs/18/4/8/1/1/9/5/5/Wochentage-source-sans-5ca3bd527b323ae3.png,2025-03-04T05:15:00Z,Laut einem exklusiven Reuters-Bericht testen die Chipanbieter Nvidia und Broadcom Chips auf dem 18A-Verfahren von Intel. Die Tests könnten für Intel zu Aufträgen im Wert von Hunderten Millionen US-Do… [+4766 chars]
"{'id': None, 'name': 'Quartz India'}",Vinamrata Chaturvedi and Andy Mills,"Bitcoin price plunges below $85,000. Here's what might be causing it",Bitcoin ETFs experienced a record outflow of over $1 billion in a single day,https://qz.com/bitcoin-price-plunges-below-85-000-solara-ether-down-1851766672,"https://i.kinja-img.com/image/upload/c_fill,h_675,pg_1,q_80,w_1200/89757afb441b2066ffd77310806c9db6.jpg",2025-02-26T21:09:00Z,"Our free, fast, and fun briefing on the global economy, delivered every weekday morning."
"{'id': None, 'name': 'Golem.de'}",Johannes Hiltscher,8.000 Bitcoin im Müll: Der Schatz auf der Deponie ist fast sicher verloren,"Ein Brite will eine Festplatte suchen, die den Schlüssel zu Bitcoins im Millionenwert enthält. Ein Experte sagt: Seine Chancen sind minimal. Eine Recherche von Johannes Hiltscher (Datenrettung, Speichermedien)",https://www.golem.de/sonstiges/zustimmung/auswahl.html?from=https%3A%2F%2Fwww.golem.de%2Fnews%2F8-000-bitcoin-im-muell-der-schatz-auf-der-deponie-ist-fast-sicher-verloren-2502-193464.html&referer=https%3A%2F%2Ft.co%2F8869316db6,,2025-02-20T09:45:02Z,"Besuchen Sie Golem.de wie gewohnt mit Werbung und Tracking,
 indem Sie der Nutzung aller Cookies zustimmen.
 Details zum Tracking finden Sie im Privacy Center.
Skript wurde nicht geladen. Informat… [+607 chars]"
"{'id': None, 'name': 'Quartz India'}",Vinamrata Chaturvedi,"Bitcoin fell all the way to $84,000 as Trump's crypto reserve failed to impress","Just hours before the White House Crypto Summit, President Donald Trump signed an executive order to establish a strategic Bitcoin reserve and a separate stockpile of other digital assets. The news plunged Bitcoin to $84,000 Thursday evening, however, as the …",https://qz.com/bitcoin-plunged-flat-trump-signed-bitcoin-reserve-order-1851768406,"https://i.kinja-img.com/image/upload/c_fill,h_675,pg_1,q_80,w_1200/0d78143aeaaf272fb3fc5ac1fa3d469e.jpg",2025-03-07T15:30:00Z,"In This Story
Just hours before the White House Crypto Summit, President Donald Trump signed an executive order to establish a strategic Bitcoin reserve and a separate stockpile of other digital ass… [+1619 chars]"
"{'id': None, 'name': 'heise online'}",Niklas Jan Engelking,Coinbase erklärt SEC-Verfahren für beendet – die Behörde allerdings nicht,"Der Coinbase-Chef sagt, das Verfahren der US-Börsenaufsicht SEC gegen seine Firma sei beendet. Die Behörde bestätigt das derweil nicht.",https://www.heise.de/news/Coinbase-erklaert-SEC-Verfahren-fuer-beendet-die-Behoerde-allerdings-nicht-10292289.html,https://heise.cloudimg.io/bound/1200x1200/q85.png-lossy-85.webp-lossy-85.foil1/_www-heise-de_/imgs/18/4/8/0/6/4/8/6/shutterstock_1235106964-633f52bc7a1b7e35.jpg,2025-02-23T13:31:00Z,"Inhaltsverzeichnis
Lange schwebte es wie ein Damoklesschwert über dem amerikanischen Markt für Kryprowährungen, jetzt ist es angeblich eingestellt: Das Verfahren, welches die US-Börsenaufsicht Secur… [+3749 chars]"
"{'id': None, 'name': 'Faz.net'}",dpa,Umfrage: Kryptoanleger nicht zu bremsen,"Als Bitcoin 2009 auf den Markt kam, war das digitale Geld zunächst quasi wertlos. Mittlerweile hat der Kurs schwindelerregende Höhen erreicht. Kleinanleger rund um den Globus hoffen auf mehr.",https://www.faz.net/aktuell/wirtschaft/umfrage-kryptoanleger-nicht-zu-bremsen-110314496.html,https://media0.faz.net/ppmedia/aktuell/wirtschaft/2186921166/1.10314544/facebook_teaser/kryptowaehrung-auf-einer.jpg,2025-02-23T10:25:52Z,"Die stetigen Kurssteigerungen von Bitcoin und anderem digitalen Geld befeuern den Boom bei privaten Kryptoanlegern. Eine große Mehrheit von ihnen plant in diesem Jahr, mehr Geld in Kryptowährungen zu… [+2228 chars]"
"{'id': None, 'name': 'Quartz India'}",Vinamrata Chaturvedi,"If Trump were to create a crypto reserve, here's how it might work","President Trump has unveiled a new proposal for a strategic crypto reserve, shifting his focus from a Bitcoin-only reserve to a more diversified approach. His plan involves a reserve comprising Bitcoin — often dubbed “digital gold” for its inflation-hedging p…",https://qz.com/trump-proposed-crypto-bitcoin-reserve-how-it-might-look-1851767694,"https://i.kinja-img.com/image/upload/c_fill,h_675,pg_1,q_80,w_1200/430f1fd3ecf88b5db7dc86eb1877b0a9.jpg",2025-03-04T20:28:01Z,"President Trump has unveiled a new proposal for a strategic crypto reserve, shifting his focus from a Bitcoin-only reserve to a more diversified approach. His plan involves a reserve comprising Bitco… [+2704 chars]"
"{'id': 'abc-news', 'name': 'ABC News'}",ABC News,WATCH: Endangered cheetah sanctuary breaks ground in Africa,Cheetah Conservation Fund founder Laurie Marker discusses her organization’s fight to save cheetahs throughout the continent.,https://abcnews.go.com/International/video/endangered-cheetah-sanctuary-breaks-ground-africa-119564037,https://i.abcnewsfe.com/a/f16d0a20-df78-4493-8859-cecdb3e0e836/250307_abcnl_12p_marker_hpMain_16x9.jpg?w=992,2025-03-07T19:01:08Z,"<ul><li>A look at tariffs, Trump and Elon Musk's cabinet meeting
</li><li>Trump's new tariff reversal as DOD begins first round of layoffs
</li><li>Gene Hackmans and wife's cause of death revealed… [+4424 chars]"
"{'id': 'al-jazeera-english', 'name': 'Al Jazeera English'}",Al Jazeera,"Trump names 5 cryptocurrencies for national reserve, sending prices soaring","US president says Bitcoin, Ethereum, XRP, Solana, and Cardano will be included in 'Crypto Strategic Reserve'.",https://www.aljazeera.com/economy/2025/3/3/trump-names-5-cryptocurrencies-for-national-reserve-sending-prices-soaring,https://www.aljazeera.com/wp-content/uploads/2025/03/2025-03-02T162408Z_1329528509_RC2KTV9SLJ66_RTRMADP_3_USA-TRUMP-CRYPTO-1740977595_b6dc0f-1740977719.jpg?resize=1200%2C630&quality=80,2025-03-03T06:39:14Z,"United States President Donald Trump has named five cryptocurrencies for his proposed reserve of digital assets, sending prices of the tokens soaring.
Bitcoin, Ethereum, XRP, Solana, and Cardano wil… [+1964 chars]"
"{'id': None, 'name': 'tagesschau.de'}",,Trump will Bitcoin und Co. für die strategische Reserve,"Bitcoin, Ether und ein paar andere Kryptowährungen sollen nach dem Willen von US-Präsident Trump künftig Teil der US-Reserve sein. Wie das funktionieren soll, ist unklar - aber die Kurse ziehen an.",https://www.tagesschau.de/wirtschaft/boerse/bitcoin-reserve-usa-100.html,https://images.tagesschau.de/image/045c7cb9-6d0d-4050-9f98-bab02f5ca019/AAABk5WQ5io/AAABkZLhkrw/16x9-1280/trump-bitcoin-102.jpg,2025-03-03T09:10:38Z,"Stand: 03.03.2025 10:10 Uhr
Bitcoin, Ether und ein paar andere Kryptowährungen sollen nach dem Willen von US-Präsident Trump künftig Teil der US-Reserve sein. Wie das funktionieren soll, ist unklar … [+2406 chars]"
"{'id': 'business-insider', 'name': 'Business Insider'}",katherineli@insider.com (Katherine Li),David Sacks says the US may have lost over $16 billion in early liquidation of bitcoins,"Trump's executive order launching a Strategic Bitcoin Reserve marks a shift in US crypto policy, as David Sacks reveals a $16 billion bitcoin misstep.",https://www.businessinsider.com/david-sacks-federal-government-lost-early-sales-bitcoin-crypto-reserve-2025-3,https://i.insider.com/67ccfbd9585f1dff88b198d5?width=1200&format=jpeg,2025-03-09T03:32:23Z,"David Sacks, appointed by President Donald Trump as the administration's ""crypto czar,"" said the federal government may have lost more than $16 billion by selling off its bitcoins too early.
""At one… [+1956 chars]"
"{'id': 'abc-news', 'name': 'ABC News'}",ABC News,WATCH: How social media helped fuel a female mechanic's business,ABC News' Will Ganss is here with the story about Desiree Hill who found a massive online community when switching from nursing to auto work.,https://abcnews.go.com/GMA/Living/video/social-media-helped-fuel-female-mechanics-business-119585458,https://i.abcnewsfe.com/a/9545fd7a-7f6c-489e-8690-30f2c62ea3ff/250208_gma_ganss_socialmedia2_hpMain_16x9.jpg?w=992,2025-03-08T15:10:59Z,"<ul><li>A look at tariffs, Trump and Elon Musk's cabinet meeting
</li><li>Trump's new tariff reversal as DOD begins first round of layoffs
</li><li>Gene Hackmans and wife's cause of death revealed… [+4424 chars]"
"{'id': 'abc-news', 'name': 'ABC News'}",ABC News,WATCH: Bald eagle nest cam captures live hatch in California,"A live camera stream of a bald eagle nest in Southern California has gained viral attention, attracting hundreds of thousands of views this week.",https://abcnews.go.com/WNT/video/bald-eagle-nest-cam-captures-live-hatch-california-119576698,https://i.abcnewsfe.com/a/4dc037a7-b797-47ee-ac0a-7ce2dfb81717/250307_wn_ender_baby_eagles3_hpMain_16x9.jpg?w=992,2025-03-08T02:17:22Z,"<ul><li>Gene Hackman died of heart disease; his wife died of hantavirus: Investigators
</li><li>CDC reporting measles cases in at least a dozen states
</li><li>Trump threatens new tariffs on Canada… [+4536 chars]"
"{'id': None, 'name': 'Quartz India'}",Vinamrata Chaturvedi,"Bitcoin, Ether, Solana, Cardano and more cryptocurrencies to watch this week","Just three days ago, Bitcoin was in a sharp decline, falling below $80,000. However, in a dramatic reversal, the leading cryptocurrency has surged by over $14,000, or 20%, fueled by Donald Trump. Over the weekend, the president revealed plans to establish a c…",https://qz.com/bitcoin-ether-solana-cardano-xrp-and-others-to-watch-1851767351,"https://i.kinja-img.com/image/upload/c_fill,h_675,pg_1,q_80,w_1200/ff68534f5725c7fa65892cbe13f1d157.jpg",2025-03-03T16:30:00Z,"Just three days ago, Bitcoin was in a sharp decline, falling below $80,000. However, in a dramatic reversal, the leading cryptocurrency has surged by over $14,000, or 20%, fueled by Donald Trump. Ove… [+239 chars]"
"{'id': None, 'name': 'Quartz India'}",Vinamrata Chaturvedi,Trump wants a strategic cryptocurrency reserve. Crypto experts aren't a fan. Here's why,"President Donald Trump has announced plans to create a strategic crypto reserve, shifting gears from his earlier promise to stockpile Bitcoin. Trump’s cryptocurrency reserve will consist of Bitcoin, often referred to as “digital gold” for its ability to hedge…",https://qz.com/crypto-experts-donald-trump-bitcoin-vs-crypto-reserve-1851767414,"https://i.kinja-img.com/image/upload/c_fill,h_675,pg_1,q_80,w_1200/24974ed28ac502f8b0761a599b1628e4.jpg",2025-03-03T18:56:00Z,"President Donald Trump has announced plans to create a strategic crypto reserve, shifting gears from his earlier promise to stockpile Bitcoin. Trumps cryptocurrency reserve will consist of Bitcoin, o… [+2531 chars]"
"{'id': 'abc-news', 'name': 'ABC News'}",ABC News,WATCH: Hockey great Alex Ovechkin making a difference,"Alex Ovechkin, one of the greatest hockey players of all time, is approaching Wayne Gretzky's all-time record of 894 goals scored while playing for a great cause.",https://abcnews.go.com/GMA/Culture/video/hockey-great-alex-ovechkin-making-difference-119585443,https://i.abcnewsfe.com/a/03faeb8b-7a32-41dc-bfa4-e9ef31a30906/250308_gma_whit_ovechkin1_hpMain_16x9.jpg?w=992,2025-03-08T16:04:12Z,"<ul><li>Deadly Russian attack on Ukraine overnight
</li><li>A look at tariffs, Trump and Elon Musk's cabinet meeting
</li><li>Trump's new tariff reversal as DOD begins first round of layoffs
</li>… [+4416 chars]"
"{'id': None, 'name': 'Quartz India'}",Vinamrata Chaturvedi,"Bitcoin plummets $10,000 in a day as crypto leaders trash Trump's plan","Bitcoin’s notoriously volatile again, shedding $10,000 in a single day as its price tumbled from $93,000 to $83,000. This is all because of President Donald Trump’s proposal to establish a strategic cryptocurrency reserve — a pivot from his earlier stance of …",https://qz.com/bitcoin-falls-10k-trumps-crypto-reserve-blowback-1851767583,"https://i.kinja-img.com/image/upload/c_fill,h_675,pg_1,q_80,w_1200/28213c0ef64f6708f1378ed06d4f21f3.jpg",2025-03-04T16:07:00Z,"Bitcoins notoriously volatile again, shedding $10,000 in a single day as its price tumbled from $93,000 to $83,000. This is all because of President Donald Trumps proposal to establish a strategic cr… [+2415 chars]"
"{'id': None, 'name': 'Quartz India'}",William Gavin,"Bitcoin is here to stay — and heading to $200,000, Anthony Scaramucci says","SkyBridge Capital CEO Anthony Scaramucci is pretty optimistic about the future of Bitcoin, as his former boss, President Donald Trump, directs his administration’s friendly approach to cryptocurrency.Read more...",https://qz.com/bitcoin-anthony-scramucci-donald-trump-crypto-reserve-1851768521,"https://i.kinja-img.com/image/upload/c_fill,h_675,pg_1,q_80,w_1200/2cc50a1a5e306aee7cb3fed39371ae19.jpg",2025-03-11T09:00:00Z,"SkyBridge Capital CEO Anthony Scaramucci is pretty optimistic about the future of Bitcoin, as his former boss, President Donald Trump, directs his administrations friendly approach to cryptocurrency.… [+3908 chars]"
"{'id': None, 'name': 'Quartz India'}",Vinamrata Chaturvedi,5 ways cryptocurrency could change how we shop online,"Bitcoin and other cryptocurrencies can be used to purchase a wide range of items, from luxury cars like Lamborghini (VWAGY) to fast food at McDonald’s (MCD)—though the latter is currently limited to El Salvador.Read more...",https://qz.com/cryptocurrency-bitcoin-could-change-how-we-shop-online-1851761802,"https://i.kinja-img.com/image/upload/c_fill,h_675,pg_1,q_80,w_1200/72e29bffd8f3fc00de66f289818f21ae.jpg",2025-02-17T10:00:00Z,"AMC Theaters (AMC) has a unique relationship with cryptocurrencies. After the GameStop saga in 2021, when other meme stocks, such as AMC, skyrocketed, memecoins like Dogecoin also saw meteoric rises.… [+194 chars]"
"{'id': None, 'name': 'Journal du geek'}",Olivier,Il jette ses bitcoins à la poubelle… et veut maintenant racheter toute la décharge,"James Howells, un informaticien britannique, a perdu l’équivalent de 700 millions de dollars en Bitcoin en jetant son disque dur à la décharge. Et depuis plus de dix ans, il tente désespérément de le récupérer ! Après avoir proposé de partager une partie du b…",https://www.journaldugeek.com/2025/02/15/il-jette-ses-bitcoins-a-la-poubelle-et-veut-maintenant-racheter-toute-la-decharge/,https://www.journaldugeek.com/app/uploads/2024/01/bitcoin.jpg,2025-02-15T17:09:10Z,"En 2013, James Howells a réalisé quil avait commis lerreur de sa vie : jeter un disque dur contenant les clés daccès à 7.500 bitcoins quil avait minés en 2009, à une époque où la cryptomonnaie ne val… [+2506 chars]"
"{'id': None, 'name': 'Quartz India'}",Vinamrata Chaturvedi,"Bitcoin surges back to $88,000 as Trump eyes special status in his strategic crypto reserve","Despite fierce backlash from the cryptocurrency community over hisproposed strategic crypto reserve, President Donald Trump is set to unveil plans for it at the White House Crypto Summit on Friday. Commerce Secretary Howard Lutnick saidBitcoin would receive a…",https://qz.com/bitcoin-price-trump-strategic-cryptocurrency-reserve-1851767813,"https://i.kinja-img.com/image/upload/c_fill,h_675,pg_1,q_80,w_1200/08b1c443a6294c9758998a651a08a1db.jpg",2025-03-05T15:37:00Z,"In This Story
Despite fierce backlash from the cryptocurrency community over his proposed strategic crypto reserve, President Donald Trump is set to unveil plans for it at the White House Crypto Sum… [+1589 chars]"
"{'id': None, 'name': 'Quartz India'}",Vinamrata Chaturvedi,Trump's crypto venture piles up Ether and more ahead of White House Crypto Summit,"Just one day before President Donald Trump is set to unveil his crypto reserve plan at the White House Crypto Summit, his crypto venture, World Liberty Financial, has begun piling up significant amounts of Ether, the second-largest cryptocurrency by market ca…",https://qz.com/trump-piles-up-ether-white-house-crypto-summit-1851768055,"https://i.kinja-img.com/image/upload/c_fill,h_675,pg_1,q_80,w_1200/4b577bef60e3d2b96100471e3644ce82.jpg",2025-03-06T17:08:16Z,"In This Story
Just one day before President Donald Trump is set to unveil his crypto reserve plan at the White House Crypto Summit, his crypto venture, World Liberty Financial, has begun piling up s… [+1892 chars]"
"{'id': 'al-jazeera-english', 'name': 'Al Jazeera English'}",Al Jazeera,Bitcoin plunges as Trump’s strategic reserve fails to impress markets,Cryptocurrency falls as much as 6 percent as lack of plans for government purchases disappoints investors.,https://www.aljazeera.com/economy/2025/3/7/bitcoin-plunges-as-trumps-strategic-reserve-fails-to-impress-markets,https://www.aljazeera.com/wp-content/uploads/2025/03/AP24209737614556-1741311577_cc529a-1741311673.jpg?resize=1200%2C630&quality=80,2025-03-07T05:26:23Z,"United States President Donald Trumps executive order to establish a Bitcoin strategic reserve and a stockpile of other digital assets has failed to impress crypto markets, with Bitcoins value plumme… [+3012 chars]"
"{'id': None, 'name': 'Quartz India'}",Vinamrata Chaturvedi,Bitcoin has bled 25% in a month despite Trump. How low can it go?,"Bitcoin continued its downward slide, falling below $80,000 on Thursday night. The leading crypto is 25% down from its all-time high that was reached just a month ago during Donald Trump’s inauguration.Read more...",https://qz.com/bitcoin-bleeding-despite-trump-bitcoin-etf-sec-coinbase-1851767007,"https://i.kinja-img.com/image/upload/c_fill,h_675,pg_1,q_80,w_1200/bc323f6dd95224f1ce6d3274335b0e3e.jpg",2025-02-28T16:01:00Z,"In This Story
Bitcoin continued its downward slide, falling below $80,000 on Thursday night. The leading crypto is 25% down from its all-time high that was reached just a month ago during Donald Tru… [+3547 chars]"
"{'id': 'die-zeit', 'name': 'Die Zeit'}",ZEIT ONLINE: News -,Digitales Geld: Umfrage: Kryptoanleger nicht zu bremsen,Hier finden Sie Informationen zu dem Thema „Digitales Geld“. Lesen Sie jetzt „Umfrage: Kryptoanleger nicht zu bremsen“.,https://www.zeit.de/news/2025-02/23/umfrage-kryptoanleger-nicht-zu-bremsen,https://img.zeit.de/news/2025-02/23/umfrage-kryptoanleger-nicht-zu-bremsen-image-group/wide__1300x731,2025-02-23T08:49:54Z,"Die stetigen Kurssteigerungen beim Bitcoin und anderem digitalen Geld befeuern den Boom bei privaten Kryptoanlegern. Eine große Mehrheit von ihnen plant in diesem Jahr, mehr Geld in die sogenannten K… [+2289 chars]"
"{'id': None, 'name': 'Quartz India'}",Vinamrata Chaturvedi,There's a hot new theory about Bitcoin creator Satoshi Nakamoto's true identity,"Who created Bitcoin? The million-dollar question is back in the spotlight — and this time with a surprising new suspect: Jack Dorsey, the bearded tech sage behind Twitter. Read more...",https://qz.com/jack-dorsey-bitcoin-creator-satoshi-nakamoto-matt-sigel-1851765281,"https://i.kinja-img.com/image/upload/c_fill,h_675,pg_1,q_80,w_1200/ae285a714df6b042261acf72f017c51b.jpg",2025-02-18T19:21:00Z,"In This Story
Who created Bitcoin? The million-dollar question is back in the spotlight and this time with a surprising new suspect: Jack Dorsey, the bearded tech sage behind Twitter. 
The new theo… [+3016 chars]"
"{'id': None, 'name': 'Quartz India'}",Vinamrata Chaturvedi,Bitcoin's downward spiral continues as the Trump-led crypto party is over,"Bitcoin continued its downward trend on Wednesday, signaling that the Trump-driven crypto surge may have run its course. The leading crypto is 20% down from its all-time high that was reached just a month ago during Donald Trump’s inauguration. Currently, it …",https://qz.com/bitcoin-trump-rally-fades-bybit-hack-memecoin-scandal-1851766598,"https://i.kinja-img.com/image/upload/c_fill,h_675,pg_1,q_80,w_1200/a83f43cee00038b8d22e102b57257b7b.jpg",2025-02-26T17:51:00Z,"Bitcoin continued its downward trend on Wednesday, signaling that the Trump-driven crypto surge may have run its course. The leading crypto is 20% down from its all-time high that was reached just a … [+2141 chars]"
"{'id': None, 'name': 'Quartz India'}",Vinamrata Chaturvedi,"Bitcoin falls below $90,000 as the Trump-fueled crypto boom fades","Bitcoin fell below $90,000 on Tuesday, sinking nearly 20% from its all-time high that was reached just a month ago during Donald Trump’s inauguration. The leading cryptocurrency, which had been rallying since Trump’s re-election in November, now appears to be…",https://qz.com/bitcoin-drops-90k-trump-crypto-rally-over-bybit-hack-1851766323,"https://i.kinja-img.com/image/upload/c_fill,h_675,pg_1,q_80,w_1200/a83f43cee00038b8d22e102b57257b7b.jpg",2025-02-25T15:20:00Z,"Bitcoin fell below $90,000 on Tuesday, sinking nearly 20% from its all-time high that was reached just a month ago during Donald Trumps inauguration. The leading cryptocurrency, which had been rallyi… [+2287 chars]"
"{'id': None, 'name': 'heise online'}",Martin Holland,Gefangenenaustausch mit Russland: USA lassen Ex-Chef von Btc-e frei,"Der Chef von Btc-e hat die Kryptobörse zum zentralen Anlaufpunkt für Cyberkriminelle gemacht, 2017 wurde er festgenommen. Weitere Haft bleibt ihm wohl erspart.",https://www.heise.de/news/Gefangenenaustausch-mit-Russland-USA-lassen-Ex-Chef-von-Btc-e-frei-10281026.html,https://heise.cloudimg.io/bound/1200x1200/q85.png-lossy-85.webp-lossy-85.foil1/_www-heise-de_/imgs/18/4/8/0/0/6/4/0/shutterstock_1841762269-1efce39393fb55d5.jpg,2025-02-13T11:44:00Z,Im Rahmen eines Gefangenenaustauschs wollen die USA den ehemaligen Chef der Bitcoin-Börse Btc-e entlassen. Das berichtet die New York Times unter Berufung auf drei anonyme Quellen. Der 44-jährige Ale… [+1807 chars]
"{'id': None, 'name': 'Quartz India'}",Vinamrata Chaturvedi,Bitcoin surges 20% in 3 days as Trump makes a big crypto promise,"Just last week, Bitcoin was deep in the red, sinking below $80,000. But in a dramatic turnaround, the leading cryptocurrency has surged over $14,000, thanks in large part to President Donald Trump. Over the weekend, Trump announced plans to create a strategic…",https://qz.com/bitcoin-surges-14-000-trump-crypto-reserve-idea-1851767322,"https://i.kinja-img.com/image/upload/c_fill,h_675,pg_1,q_80,w_1200/e82cc0b9a6df300bd338242af8f24d3a.jpg",2025-03-03T15:14:22Z,"Just last week, Bitcoin was deep in the red, sinking below $80,000. But in a dramatic turnaround, the leading cryptocurrency has surged over $14,000, thanks in large part to President Donald Trump. O… [+1278 chars]"
